{
  "hand": {
    "left": 0.08450704225352114,
    "top": 0.7973997833152763,
    "width": 0.7746478873239437,
    "height": 0.14060430961839412
  }
}